,full_train,train_val,AL_subset,random_subset,top_900,mixed_top_50,mean_sample_accuracy,number_good_subsets,pvalue_less,pvalue_greater,dataset
425,0.7034,0.7197777777777777,0.7002,0.6861498111111111,0.8,0.547,0.785661888888889,1000,1.0,0.0,425
439,0.7122,0.719,0.769,0.6971443,0.7338888888888889,0.7315555555555555,0.7221087777777777,1000,1.0,5.995728638356669e-25,439
148,0.7296,0.737,0.7034,0.7243821888888888,0.7412222222222222,0.6402222222222222,0.731829,1000,2.7630206350708817e-163,1.0,148
247,0.7377,0.742,0.7875,0.7196433666666667,0.7807777777777778,0.641,0.772959111111111,1000,1.0,0.0,247
92,0.7449,0.7454444444444445,0.7694,0.7278139666666668,0.8013333333333333,0.7061111111111111,0.7924876666666667,1000,1.0,0.0,92
299,0.7463,0.7668888888888888,0.7793,0.7370253444444445,0.8105555555555556,0.7943333333333333,0.7953261111111112,1000,1.0,0.0,299
125,0.7503,0.7471111111111111,0.8148,0.735280588888889,0.8063333333333333,0.7147777777777777,0.7979297777777777,1000,1.0,0.0,125
482,0.7532,0.76,0.78,0.7365273222222222,0.8006666666666666,0.7084444444444444,0.7931708888888889,1000,1.0,0.0,482
128,0.757,0.7693333333333333,0.77,0.7449709555555555,0.7718888888888888,0.6667777777777778,0.7591022222222222,1000,3.316050316837745e-285,1.0,128
54,0.771,0.775,0.753,0.7531543333333333,0.7942222222222223,0.7355555555555555,0.7782091111111111,1000,1.0,1.7582106586162253e-38,54
75,0.7741,0.7801111111111111,0.7525,0.7605685,0.7734444444444445,0.6924444444444444,0.7667883333333334,1000,0.0,1.0,75
350,0.7763,0.7682222222222223,0.8049,0.7448429555555557,0.805,0.6084444444444445,0.7855133333333333,1000,1.0,0.0,350
274,0.7821,0.7937777777777778,0.7669,0.7751273999999999,0.7925555555555556,0.7391111111111112,0.7831446666666667,1000,0.0,1.0,274
100,0.7831,0.7861111111111111,0.7822,0.7684511555555555,0.7852222222222223,0.6968888888888889,0.7746406666666666,1000,0.0,1.0,100
271,0.7839,0.7891111111111111,0.7993,0.7726077888888889,0.8054444444444444,0.6653333333333333,0.7976856666666667,1000,1.0,0.0,271
240,0.7883,0.8123333333333334,0.7962,0.7825877444444445,0.8423333333333334,0.7652222222222222,0.8314774444444445,1000,1.0,0.0,240
286,0.7884,0.7904444444444444,0.7845,0.7758218555555556,0.794,0.6964444444444444,0.7826927777777778,1000,1.3627620350603754e-261,1.0,286
77,0.7898,0.778,0.7865,0.7716309555555556,0.8044444444444444,0.7208888888888889,0.7915229999999999,1000,1.0,0.0,77
327,0.79,0.7864444444444444,0.8281,0.7701896111111112,0.7913333333333333,0.7316666666666667,0.7782454444444444,1000,3.768296223209867e-234,1.0,327
472,0.7904,0.7875555555555556,0.7823,0.7746146777777778,0.7886666666666666,0.7281111111111112,0.779829,1000,1.922221660068802e-262,1.0,472
48,0.7921,0.8032222222222222,0.7846,0.7853199888888889,0.8002222222222222,0.743,0.7915076666666666,1000,0.0,1.0,48
208,0.7926,0.7946666666666666,0.7788,0.7757564444444445,0.7992222222222222,0.7597777777777778,0.7894307777777777,1000,2.9044301650495185e-148,1.0,208
184,0.7928,0.7925555555555556,0.769,0.7733546222222222,0.7917777777777778,0.7084444444444444,0.7801603333333333,1000,0.0,1.0,184
168,0.7944,0.7994444444444444,0.7882,0.7853128666666668,0.7976666666666666,0.7098888888888889,0.7897067777777778,1000,0.0,1.0,168
316,0.7973,0.7963333333333333,0.7924,0.7768044555555557,0.799,0.7316666666666667,0.7923017777777779,1000,3.890293772638909e-65,1.0,316
374,0.7976,0.7977777777777778,0.7922,0.779823688888889,0.7965555555555556,0.7245555555555555,0.7863732222222223,1000,0.0,1.0,374
463,0.7982,0.8042222222222222,0.8143,0.7848710555555556,0.813,0.7597777777777778,0.8027975555555557,1000,8.382912589769955e-11,0.9999999999161708,463
81,0.7991,0.802,0.7446,0.785151,0.8287777777777777,0.6493333333333333,0.8197286666666667,1000,1.0,0.0,81
63,0.7994,0.8043333333333333,0.7764,0.7876890999999999,0.803,0.7224444444444444,0.7939112222222222,1000,0.0,1.0,63
453,0.8001,0.8031111111111111,0.7685,0.7905897333333334,0.8134444444444444,0.7493333333333333,0.8032554444444444,1000,0.7996163109991962,0.20038368900080383,453
233,0.8016,0.797,0.809,0.7856329666666666,0.8151111111111111,0.7387777777777778,0.8031726666666668,1000,1.0,1.7521271876715704e-133,233
185,0.8016,0.8161111111111111,0.8053,0.7845563444444444,0.8233333333333334,0.7872222222222223,0.8123196666666667,1000,7.057625888285509e-87,1.0,185
351,0.8037,0.8223333333333334,0.7928,0.7956167777777777,0.8447777777777777,0.7943333333333333,0.83765,1000,1.0,0.0,351
216,0.8037,0.8072222222222222,0.7967,0.7906980333333333,0.8062222222222222,0.7357777777777778,0.7969258888888889,1000,0.0,1.0,216
202,0.8072,0.8146666666666667,0.8122,0.7991496111111112,0.8103333333333333,0.7702222222222223,0.8043566666666667,1000,0.0,1.0,202
18,0.8077,0.8027777777777778,0.8048,0.7892818888888888,0.81,0.7494444444444445,0.7982414444444444,1000,5.97259219394133e-86,1.0,18
211,0.8084,0.808,0.7754,0.7935305111111111,0.8298888888888889,0.7565555555555555,0.8174436666666667,1000,1.0,0.0,211
277,0.8091,0.8164444444444444,0.7909,0.7970947777777777,0.8151111111111111,0.7454444444444445,0.805021,1000,2.4586727555e-313,1.0,277
111,0.8093,0.8161111111111111,0.8053,0.8000007888888889,0.8222222222222222,0.7325555555555555,0.8115225555555555,1000,3.3914830731114566e-125,1.0,111
499,0.8123,0.8186666666666667,0.8148,0.800400388888889,0.8416666666666667,0.8037777777777778,0.829047,1000,1.0,1.6662831822775027e-209,499
432,0.8125,0.8082222222222222,0.8085,0.7916646333333333,0.8073333333333333,0.7262222222222222,0.8000170000000001,1000,5.532297856244283e-306,1.0,432
245,0.8144,0.8176666666666667,0.8198,0.8002841888888889,0.8211111111111111,0.7108888888888889,0.809933,1000,3.7361485600426364e-244,1.0,245
291,0.8146,0.8173333333333334,0.7485,0.7955685888888888,0.835,0.8042222222222222,0.8209723333333334,1000,1.0,1.0372604449180458e-51,291
21,0.815,0.8105555555555556,0.7871,0.7919815444444445,0.809,0.7266666666666667,0.7991663333333333,1000,0.0,1.0,21
284,0.8155,0.8168888888888889,0.7732,0.8027518666666666,0.8168888888888889,0.7265555555555555,0.8083696666666668,1000,8.963410301680045e-290,1.0,284
53,0.8164,0.823,0.8187,0.8017621444444444,0.8367777777777777,0.7285555555555555,0.8271073333333334,1000,1.0,1.2967431781983839e-61,53
19,0.8166,0.8316666666666667,0.818,0.8162844333333333,0.83,0.746,0.8208275555555556,1000,0.0,1.0,19
141,0.8179,0.8392222222222222,0.7845,0.8138017777777777,0.8497777777777777,0.7888888888888889,0.837737111111111,1000,2.1090091272471478e-13,0.9999999999997891,141
9,0.8189,0.8216666666666667,0.8233,0.8047683777777778,0.8316666666666667,0.7058888888888889,0.8224487777777778,1000,0.9996268915873443,0.00037310841265570706,9
395,0.819,0.8321111111111111,0.8874,0.8098912444444444,0.8852222222222222,0.8372222222222222,0.8744055555555555,1000,1.0,0.0,395
404,0.8196,0.8173333333333334,0.7862,0.8023542333333333,0.8166666666666667,0.7482222222222222,0.8085683333333333,1000,4.4946409634e-314,1.0,404
359,0.8198,0.8192222222222222,0.8435,0.8029486444444445,0.844,0.7985555555555556,0.8344662222222223,1000,1.0,0.0,359
167,0.8206,0.82,0.8131,0.8011790222222221,0.8312222222222222,0.7766666666666666,0.8212587777777777,1000,0.9999999999991334,8.666208679311585e-13,167
129,0.8216,0.8177777777777778,0.814,0.8026090777777778,0.8266666666666667,0.7668888888888888,0.8173481111111112,1000,0.019714300037562874,0.9802856999624372,129
197,0.8233,0.8244444444444444,0.8141,0.8055083111111111,0.8206666666666667,0.7646666666666667,0.8113844444444444,1000,0.0,1.0,197
119,0.8241,0.8188888888888889,0.8009,0.8013320333333334,0.831,0.8111111111111111,0.8221248888888888,1000,1.0,8.711512643814344e-93,119
57,0.8245,0.8278888888888889,0.8157,0.8156535222222223,0.831,0.7597777777777778,0.8206494444444445,1000,3.301092554109308e-252,1.0,57
283,0.8246,0.8321111111111111,0.8594,0.8081215777777777,0.8562222222222222,0.8202222222222222,0.8494422222222222,1000,1.0,0.0,283
343,0.8258,0.8315555555555556,0.8414,0.8143629777777778,0.8451111111111111,0.7001111111111111,0.8335148888888889,1000,1.0,6.283352331688381e-22,343
60,0.8264,0.8367777777777777,0.8375,0.8195140111111112,0.8427777777777777,0.8173333333333334,0.8297827777777778,1000,1.5057014463681427e-158,1.0,60
123,0.8267,0.8344444444444444,0.8292,0.8144509000000001,0.8477777777777777,0.6902222222222222,0.8340347777777778,1000,0.010900173782160816,0.9890998262178392,123
428,0.8289,0.818,0.7973,0.803913211111111,0.8416666666666667,0.7724444444444445,0.8314705555555555,1000,1.0,0.0,428
411,0.8309,0.8414444444444444,0.8334,0.8271070333333334,0.8417777777777777,0.7903333333333333,0.8332233333333333,1000,3.311090927607115e-263,1.0,411
89,0.8322,0.8373333333333334,0.8554,0.8223344666666665,0.8562222222222222,0.8138888888888889,0.8434113333333332,1000,1.0,1.5899293707907945e-132,89
103,0.8331,0.8322222222222222,0.8339,0.815878411111111,0.8336666666666667,0.7426666666666667,0.8230338888888888,1000,0.0,1.0,103
0,0.8331,0.8422222222222222,0.8274,0.8284837222222222,0.8403333333333334,0.7627777777777778,0.8327662222222223,1000,0.0,1.0,0
380,0.8344,0.8325555555555556,0.8397,0.8146639555555556,0.8391111111111111,0.7652222222222222,0.8288712222222222,1000,1.7352344614215975e-107,1.0,380
474,0.8349,0.8455555555555555,0.8294,0.8268558444444445,0.8458888888888889,0.7633333333333333,0.8367508888888889,1000,5.788217158699455e-307,1.0,474
365,0.8352,0.8365555555555556,0.8354,0.8197485777777778,0.8433333333333334,0.7788888888888889,0.8322676666666666,1000,3.9076878532023634e-145,1.0,365
361,0.8353,0.829,0.8239,0.8165042555555556,0.8321111111111111,0.7723333333333333,0.8233702222222222,1000,2.9446495779300936e-206,1.0,361
314,0.8362,0.8538888888888889,0.8999,0.8298883000000001,0.8983333333333333,0.8545555555555555,0.8893862222222222,1000,1.0,0.0,314
24,0.8366,0.8386666666666667,0.8312,0.8228137888888889,0.8325555555555556,0.7205555555555555,0.8273912222222223,1000,0.0,1.0,24
281,0.8368,0.8422222222222222,0.8413,0.8222923333333334,0.853,0.7718888888888888,0.8441374444444445,1000,1.0,3.4120524794143054e-30,281
416,0.837,0.8505555555555555,0.8415,0.8283133,0.8575555555555555,0.773,0.8480307777777778,1000,2.180311502770209e-41,1.0,416
402,0.8373,0.8586666666666667,0.8506,0.8303816999999999,0.8657777777777778,0.8222222222222222,0.8555972222222221,1000,2.0313685578351682e-73,1.0,402
190,0.8376,0.8487777777777777,0.8253,0.8302372444444445,0.8548888888888889,0.7774444444444445,0.8448391111111111,1000,1.248850307410977e-78,1.0,190
340,0.8386,0.8383333333333334,0.8376,0.8276341333333334,0.84,0.7571111111111111,0.8315168888888889,1000,4.868787354230895e-239,1.0,340
460,0.8395,0.8456666666666667,0.8523,0.8285761333333332,0.8507777777777777,0.7751111111111111,0.842819,1000,1.2773300316181582e-65,1.0,460
135,0.8398,0.8425555555555555,0.8519,0.8264754333333333,0.855,0.7856666666666666,0.8453336666666666,1000,1.0,1.399965196078217e-52,135
260,0.8408,0.8411111111111111,0.8267,0.8218010666666667,0.839,0.7411111111111112,0.8296033333333334,1000,0.0,1.0,260
74,0.8409,0.8407777777777777,0.8334,0.8274544333333334,0.8366666666666667,0.7781111111111111,0.8311258888888888,1000,0.0,1.0,74
438,0.8411,0.8485555555555555,0.8389,0.8355568666666666,0.848,0.7496666666666667,0.8395114444444445,1000,0.0,1.0,438
47,0.8414,0.8515555555555555,0.8265,0.832714011111111,0.8507777777777777,0.7331111111111112,0.8368047777777776,1000,0.0,1.0,47
145,0.8414,0.8411111111111111,0.8345,0.8252684222222222,0.8511111111111112,0.783,0.8406571111111112,1000,0.0014573827909374708,0.9985426172090626,145
486,0.8416,0.8438888888888889,0.8306,0.8255127,0.8724444444444445,0.6825555555555556,0.860812,1000,1.0,0.0,486
480,0.8421,0.8472222222222222,0.8517,0.820374088888889,0.8756666666666667,0.8292222222222222,0.866068,1000,1.0,0.0,480
423,0.8423,0.8498888888888889,0.8477,0.830583088888889,0.8682222222222222,0.7865555555555556,0.8585353333333332,1000,1.0,2.711284063937181e-290,423
101,0.8428,0.8422222222222222,0.838,0.8241410777777777,0.8493333333333334,0.7913333333333333,0.8370466666666666,1000,8.201625854264489e-160,1.0,101
445,0.844,0.84,0.8349,0.827082988888889,0.8536666666666667,0.8028888888888889,0.8385544444444445,1000,1.6185877229520738e-12,0.9999999999983814,445
426,0.8442,0.8556666666666667,0.8458,0.8394870333333334,0.8538888888888889,0.7066666666666667,0.8453705555555555,1000,0.0,1.0,426
73,0.8447,0.8416666666666667,0.8277,0.8260648111111112,0.865,0.8196666666666667,0.8540571111111113,1000,1.0,0.0,73
175,0.8452,0.8455555555555555,0.779,0.8258168444444446,0.8638888888888889,0.788,0.850719,1000,1.0,9.14549254704366e-115,175
370,0.8461,0.8435555555555555,0.839,0.8301698222222221,0.8437777777777777,0.7511111111111111,0.8338503333333334,1000,3.873e-321,1.0,370
238,0.8465,0.85,0.8411,0.8337281666666666,0.8493333333333334,0.7773333333333333,0.8396621111111111,1000,0.0,1.0,238
315,0.8466,0.8411111111111111,0.8619,0.8273641777777777,0.8688888888888889,0.8168888888888889,0.8602324444444444,1000,1.0,0.0,315
435,0.8468,0.8676666666666667,0.8487,0.8462956444444444,0.8647777777777778,0.7998888888888889,0.8580843333333332,1000,0.0,1.0,435
155,0.8481,0.8581111111111112,0.8622,0.8399143777777778,0.8708888888888889,0.8143333333333334,0.8601775555555555,1000,1.0,3.875912412064925e-37,155
200,0.8486,0.8476666666666667,0.8695,0.8339536222222222,0.8754444444444445,0.797,0.8603701111111111,1000,1.0,8.908649526e-315,200
80,0.8503,0.8591111111111112,0.8425,0.8433758666666666,0.8584444444444445,0.7411111111111112,0.8491888888888889,1000,0.0,1.0,80
248,0.8505,0.8704444444444445,0.8409,0.8506767222222222,0.881,0.8124444444444444,0.8700148888888889,1000,0.006507702316573039,0.993492297683427,248
405,0.8514,0.8568888888888889,0.8413,0.838083288888889,0.857,0.754,0.8450605555555556,1000,0.0,1.0,405
415,0.8521,0.8508888888888889,0.8489,0.8364661555555556,0.8544444444444445,0.7811111111111111,0.8461201111111111,1000,1.1215995197145059e-149,1.0,415
194,0.8521,0.8558888888888889,0.8621,0.8435946777777777,0.8766666666666667,0.7438888888888889,0.8660193333333334,1000,1.0,0.0,194
212,0.8523,0.8547777777777777,0.8454,0.8369976777777778,0.8537777777777777,0.7415555555555555,0.8427446666666666,1000,0.0,1.0,212
306,0.8523,0.845,0.8327,0.8298782666666666,0.8476666666666667,0.7393333333333333,0.8370338888888889,1000,6.419483879302776e-287,1.0,306
39,0.8532,0.8503333333333334,0.8713,0.8334898777777778,0.8726666666666667,0.7374444444444445,0.8577123333333333,1000,1.0,9.84643527311618e-202,39
471,0.854,0.8671111111111112,0.8586,0.8499593999999999,0.8735555555555555,0.8447777777777777,0.8619853333333333,1000,6.5903540481067445e-155,1.0,471
64,0.8544,0.8631111111111112,0.8599,0.8439163333333334,0.8594444444444445,0.7861111111111111,0.8503622222222222,1000,0.0,1.0,64
6,0.8547,0.8455555555555555,0.8476,0.8335710999999999,0.8455555555555555,0.7518888888888889,0.838235,1000,6.639658782711828e-293,1.0,6
376,0.8555,0.8585555555555555,0.8516,0.8371018222222221,0.8643333333333333,0.7833333333333333,0.8530718888888889,1000,3.638793821344622e-148,1.0,376
300,0.8566,0.8596666666666667,0.8563,0.8453578222222222,0.8601111111111112,0.8011111111111111,0.8509966666666666,1000,0.0,1.0,300
230,0.8572,0.8618888888888889,0.8665,0.8429989222222223,0.8694444444444445,0.7448888888888889,0.8569649999999999,1000,3.355708301167883e-128,1.0,230
133,0.8572,0.8671111111111112,0.857,0.845724288888889,0.8713333333333333,0.714,0.8576944444444444,1000,4.031021333818875e-285,1.0,133
368,0.8572,0.8541111111111112,0.8827,0.8389857666666667,0.8774444444444445,0.7955555555555556,0.8664864444444444,1000,1.0,0.0,368
318,0.8574,0.8563333333333333,0.8589,0.8317131555555556,0.8684444444444445,0.8038888888888889,0.8562822222222223,1000,0.3920752970875741,0.607924702912426,318
174,0.8575,0.864,0.86,0.8485600555555557,0.8735555555555555,0.8372222222222222,0.8640734444444444,1000,0.6850458326292732,0.31495416737072685,174
465,0.8576,0.853,0.8598,0.8383534666666667,0.8582222222222222,0.7413333333333333,0.8483961111111111,1000,1.151435723151918e-92,1.0,465
225,0.8576,0.8592222222222222,0.8438,0.8401720000000001,0.8622222222222222,0.7678888888888888,0.8495947777777778,1000,0.0,1.0,225
56,0.8579,0.8521111111111112,0.8478,0.8351096000000001,0.8498888888888889,0.7691111111111111,0.8390391111111112,1000,0.0,1.0,56
82,0.8581,0.858,0.8312,0.8421273777777778,0.8718888888888889,0.8202222222222222,0.8671762222222222,1000,1.0,0.0,82
107,0.8587,0.8548888888888889,0.849,0.8415679111111113,0.8623333333333333,0.7843333333333333,0.8502943333333333,1000,3.0910784420670645e-87,1.0,107
400,0.859,0.8581111111111112,0.8686,0.8464457555555555,0.8667777777777778,0.813,0.8588276666666668,1000,0.9999990176133934,9.823866066368873e-07,400
342,0.8591,0.8632222222222222,0.8585,0.8505561777777777,0.8622222222222222,0.7596666666666667,0.8558171111111111,1000,1.6286443308660444e-281,1.0,342
99,0.8596,0.8537777777777777,0.8805,0.8455881,0.8801111111111111,0.7002222222222222,0.868887,1000,1.0,0.0,99
66,0.8602,0.8645555555555555,0.8549,0.843543511111111,0.8717777777777778,0.8415555555555555,0.862150888888889,1000,2.471581000813433e-51,1.0,66
495,0.8608,0.8648888888888889,0.8473,0.8505396777777778,0.8821111111111111,0.7846666666666666,0.8685996666666667,1000,1.0,4.383715057320181e-45,495
357,0.8616,0.8848888888888888,0.9107,0.8476655222222221,0.9114444444444444,0.863,0.8995246666666666,1000,1.0,6.714763698694339e-301,357
448,0.8639,0.8715555555555555,0.8657,0.8527281888888889,0.8675555555555555,0.8186666666666667,0.8613708888888889,1000,0.0,1.0,448
62,0.8641,0.8714444444444445,0.88,0.8588059888888889,0.8972222222222223,0.8146666666666667,0.8890843333333333,1000,1.0,0.0,62
189,0.8642,0.8698888888888889,0.8662,0.8536550333333333,0.8735555555555555,0.7572222222222222,0.8656130000000001,1000,6.170804252824678e-122,1.0,189
17,0.8649,0.8688888888888889,0.8599,0.8510637555555557,0.8664444444444445,0.7754444444444445,0.857796,1000,0.0,1.0,17
297,0.8655,0.8661111111111112,0.8712,0.8497746111111112,0.8707777777777778,0.781,0.8616628888888889,1000,1.3730313326214095e-168,1.0,297
214,0.8657,0.8707777777777778,0.8593,0.8550095666666668,0.8891111111111111,0.8381111111111111,0.8769446666666666,1000,1.0,3.014672851105879e-147,214
292,0.8659,0.8643333333333333,0.8583,0.8543802555555556,0.8734444444444445,0.8166666666666667,0.8650934444444445,1000,0.9999994438201939,5.561798061201941e-07,292
30,0.8661,0.8677777777777778,0.8641,0.8499414111111111,0.8673333333333333,0.7735555555555556,0.8564155555555556,1000,0.0,1.0,30
436,0.8668,0.8772222222222222,0.8619,0.8571936777777777,0.8774444444444445,0.7784444444444445,0.8676156666666666,1000,0.0,1.0,436
313,0.8669,0.8652222222222222,0.8617,0.8534161666666666,0.8675555555555555,0.748,0.8587505555555556,1000,6.040430816391478e-261,1.0,313
485,0.8677,0.8823333333333333,0.8976,0.8606294666666666,0.9111111111111111,0.806,0.897652888888889,1000,1.0,0.0,485
301,0.8685,0.8711111111111111,0.8671,0.8540211666666666,0.8726666666666667,0.7996666666666666,0.8635592222222221,1000,5.0185292302932765e-255,1.0,301
232,0.8694,0.872,0.8615,0.8526287333333333,0.8693333333333333,0.7681111111111111,0.8614402222222223,1000,0.0,1.0,232
371,0.8702,0.8673333333333333,0.8622,0.8530868999999999,0.8895555555555555,0.7743333333333333,0.8792936666666666,1000,1.0,0.0,371
118,0.8703,0.8791111111111111,0.87,0.8654920111111111,0.8773333333333333,0.8138888888888889,0.8698041111111111,1000,0.0,1.0,118
138,0.8703,0.8682222222222222,0.8615,0.8523957111111111,0.8687777777777778,0.8102222222222222,0.8607451111111111,1000,9.498979582454357e-250,1.0,138
345,0.8708,0.8771111111111111,0.8539,0.8596933666666666,0.9086666666666666,0.8823333333333333,0.8989865555555556,1000,1.0,0.0,345
186,0.8712,0.8748888888888889,0.8618,0.8507139555555555,0.8817777777777778,0.8005555555555556,0.8671613333333332,1000,1.0996370174378725e-201,1.0,186
498,0.8717,0.876,0.8692,0.8613943666666666,0.8777777777777778,0.7287777777777777,0.8674680000000001,1000,9.245778285053068e-286,1.0,498
488,0.8718,0.8752222222222222,0.8737,0.8599891333333333,0.8917777777777778,0.8535555555555555,0.8795373333333333,1000,1.0,1.8243726354900577e-100,488
328,0.8722,0.877,0.8748,0.862036688888889,0.8826666666666667,0.7836666666666666,0.8696638888888889,1000,2.321629930979292e-255,1.0,328
285,0.8731,0.8734444444444445,0.8747,0.8626324444444444,0.8774444444444445,0.8127777777777778,0.868044888888889,1000,9.653199719937137e-183,1.0,285
381,0.8735,0.8672222222222222,0.8732,0.8545023777777777,0.8683333333333333,0.7718888888888888,0.8599422222222222,1000,8.148437550584677e-240,1.0,381
192,0.8742,0.8846666666666667,0.854,0.8685965333333333,0.8815555555555555,0.7988888888888889,0.8721464444444444,1000,0.0,1.0,192
496,0.8743,0.8826666666666667,0.8674,0.8618097333333333,0.8796666666666667,0.807,0.8675667777777778,1000,0.0,1.0,496
410,0.875,0.8753333333333333,0.8468,0.8580582,0.8958888888888888,0.7945555555555556,0.8873731111111112,1000,1.0,6.4866e-320,410
437,0.8753,0.8813333333333333,0.8727,0.8627864333333333,0.8797777777777778,0.8267777777777777,0.8707706666666667,1000,0.0,1.0,437
451,0.8757,0.8765555555555555,0.882,0.8691392333333333,0.8857777777777778,0.8271111111111111,0.878186888888889,1000,1.0,1.2443175854066363e-25,451
87,0.8757,0.8768888888888889,0.8753,0.8635782666666666,0.888,0.7472222222222222,0.8737895555555556,1000,5.1366035140281146e-58,1.0,87
333,0.8758,0.877,0.8874,0.8596381555555556,0.892,0.8372222222222222,0.8838718888888889,1000,1.0,1.9923384274691768e-231,333
52,0.876,0.8737777777777778,0.8741,0.8595881777777779,0.871,0.8228888888888889,0.8644747777777777,1000,0.0,1.0,52
429,0.876,0.8863333333333333,0.8744,0.8712196333333333,0.8855555555555555,0.7403333333333333,0.8753001111111111,1000,0.0,1.0,429
434,0.876,0.8855555555555555,0.8734,0.8646743888888888,0.8873333333333333,0.8107777777777778,0.8775605555555556,1000,1.1956381391765553e-299,1.0,434
234,0.8761,0.8827777777777778,0.8742,0.8681133999999998,0.8857777777777778,0.8262222222222222,0.8749172222222221,1000,3.640355463374915e-252,1.0,234
1,0.8762,0.8722222222222222,0.8663,0.8629503222222221,0.905,0.8872222222222222,0.8961142222222223,1000,1.0,0.0,1
228,0.8765,0.8766666666666667,0.8788,0.8603007333333333,0.8775555555555555,0.7454444444444445,0.8668908888888889,1000,0.0,1.0,228
84,0.8767,0.8863333333333333,0.8826,0.8629495666666668,0.8907777777777778,0.8267777777777777,0.8799803333333334,1000,1.2372197413012496e-247,1.0,84
446,0.8774,0.887,0.8755,0.8643316333333332,0.8895555555555555,0.8125555555555556,0.8800060000000001,1000,8.692418710618813e-271,1.0,446
397,0.8776,0.8846666666666667,0.8808,0.8698195777777779,0.8886666666666667,0.8458888888888889,0.879391,1000,3.015466715379021e-189,1.0,397
218,0.8776,0.8647777777777778,0.8785,0.8538532555555554,0.8802222222222222,0.869,0.8687837777777778,1000,1.0,5.644862735207803e-112,218
13,0.8784,0.8681111111111111,0.8797,0.8595205666666667,0.879,0.8361111111111111,0.8688394444444445,1000,0.9999986623036268,1.3376963732107547e-06,13
58,0.8787,0.8775555555555555,0.8787,0.8611764,0.8836666666666667,0.7938888888888889,0.8737487777777777,1000,3.778845127687196e-138,1.0,58
375,0.8793,0.8841111111111111,0.8993,0.8683211111111112,0.8997777777777778,0.753,0.8872686666666666,1000,1.0,2.2296053918668984e-39,375
122,0.8794,0.8823333333333333,0.8758,0.8668714666666667,0.8794444444444445,0.7692222222222223,0.8695462222222222,1000,0.0,1.0,122
399,0.8796,0.881,0.8853,0.8564864222222223,0.8857777777777778,0.8362222222222222,0.8758335555555555,1000,1.2705699433653614e-148,1.0,399
177,0.8798,0.8883333333333333,0.8833,0.8720125222222223,0.8895555555555555,0.7986666666666666,0.8791854444444445,1000,2.8942931792525446e-308,1.0,177
253,0.8804,0.8817777777777778,0.8749,0.8669649777777777,0.8791111111111111,0.8234444444444444,0.8714743333333334,1000,0.0,1.0,253
191,0.8805,0.8906666666666667,0.8837,0.8679429111111111,0.8872222222222222,0.8337777777777777,0.8799916666666665,1000,0.0,1.0,191
29,0.8808,0.8857777777777778,0.885,0.8703753444444444,0.8858888888888888,0.7947777777777778,0.8781737777777778,1000,8.084164952226901e-306,1.0,29
88,0.8808,0.8871111111111111,0.8801,0.8706395222222222,0.8861111111111111,0.812,0.8767976666666666,1000,0.0,1.0,88
262,0.8812,0.8738888888888889,0.8797,0.8627965888888888,0.8733333333333333,0.8015555555555556,0.8669147777777778,1000,1.104384655489539e-308,1.0,262
452,0.882,0.8861111111111111,0.8729,0.8714746333333333,0.8856666666666667,0.7994444444444444,0.8779288888888889,1000,1.0891721522570225e-295,1.0,452
383,0.8821,0.8843333333333333,0.8803,0.8700206666666667,0.8847777777777778,0.7973333333333333,0.8773979999999999,1000,2.5619452035298484e-272,1.0,383
95,0.8824,0.8865555555555555,0.8827,0.8696576444444445,0.8916666666666667,0.8284444444444444,0.8812697777777778,1000,1.744595412177785e-184,1.0,95
298,0.8825,0.8837777777777778,0.905,0.8665716777777778,0.9032222222222223,0.7658888888888888,0.890380111111111,1000,1.0,2.064999623003815e-138,298
311,0.8828,0.8882222222222222,0.8843,0.8697485333333334,0.8853333333333333,0.809,0.8760508888888889,1000,0.0,1.0,311
310,0.8831,0.8965555555555556,0.8859,0.8774044777777777,0.8967777777777778,0.8484444444444444,0.887666111111111,1000,5.4e-323,1.0,310
442,0.8832,0.8866666666666667,0.9002,0.8689958666666665,0.9155555555555556,0.8512222222222222,0.9043311111111111,1000,1.0,0.0,442
433,0.8835,0.8844444444444445,0.8798,0.869245,0.8831111111111111,0.7672222222222222,0.8737794444444444,1000,0.0,1.0,433
171,0.8835,0.8853333333333333,0.8833,0.876004311111111,0.8866666666666667,0.8431111111111111,0.8798142222222223,1000,1.1326053281671537e-277,1.0,171
172,0.8838,0.8878888888888888,0.888,0.8740067555555555,0.8856666666666667,0.8075555555555556,0.8795248888888889,1000,0.0,1.0,172
42,0.8841,0.8905555555555555,0.9149,0.8726453,0.9135555555555556,0.8585555555555555,0.9002842222222223,1000,1.0,4.535425133422934e-245,42
431,0.8846,0.8974444444444445,0.8789,0.878933111111111,0.8996666666666666,0.8011111111111111,0.8867501111111112,1000,0.0,1.0,431
235,0.8853,0.889,0.894,0.8724265666666666,0.909,0.8083333333333333,0.9014266666666667,1000,1.0,0.0,235
16,0.8853,0.895,0.9017,0.8711917888888887,0.9107777777777778,0.8457777777777777,0.9016147777777778,1000,1.0,3.052657754644039e-214,16
159,0.8855,0.8897777777777778,0.8804,0.8758575888888889,0.8888888888888888,0.8336666666666667,0.8815233333333333,1000,0.0,1.0,159
217,0.8856,0.8996666666666666,0.8991,0.8811796666666667,0.9097777777777778,0.8651111111111112,0.9018245555555555,1000,1.0,1.2075246404100572e-42,217
126,0.8861,0.8963333333333333,0.908,0.8749702000000001,0.9242222222222222,0.8966666666666666,0.9137294444444444,1000,1.0,0.0,126
282,0.8864,0.8845555555555555,0.8883,0.8679213222222221,0.8892222222222222,0.8538888888888889,0.8821803333333333,1000,4.5580267766805366e-49,1.0,282
268,0.8865,0.8968888888888888,0.8869,0.8773574777777778,0.8941111111111111,0.7475555555555555,0.884651,1000,0.0,1.0,268
237,0.8869,0.8811111111111111,0.8838,0.8681726777777777,0.8845555555555555,0.7906666666666666,0.874678,1000,8.614977138997714e-218,1.0,237
367,0.8873,0.8883333333333333,0.8857,0.8738755333333335,0.89,0.8001111111111111,0.8797576666666667,1000,0.0,1.0,367
443,0.8878,0.898,0.886,0.8798187222222222,0.8992222222222223,0.8336666666666667,0.8891122222222223,1000,0.0,1.0,443
256,0.8887,0.8982222222222223,0.8958,0.8801660444444446,0.9035555555555556,0.8481111111111111,0.8948141111111111,1000,1.5021045499311783e-87,1.0,256
366,0.8887,0.8866666666666667,0.8893,0.8712306000000001,0.8957777777777778,0.7534444444444445,0.8858986666666667,1000,9.205978554091191e-07,0.9999990794021446,366
307,0.8891,0.8862222222222222,0.8878,0.8730897111111111,0.8872222222222222,0.8341111111111111,0.8782085555555555,1000,1.5432480656630054e-302,1.0,307
406,0.8892,0.8934444444444445,0.8818,0.8763956333333331,0.8896666666666667,0.8546666666666667,0.8852519999999999,1000,0.0,1.0,406
115,0.8901,0.8971111111111111,0.8955,0.8744023777777779,0.8955555555555555,0.7821111111111111,0.8820455555555555,1000,0.0,1.0,115
12,0.8901,0.8901111111111111,0.8909,0.8741605333333333,0.9006666666666666,0.8321111111111111,0.8910261111111111,1000,0.9999999521232596,4.787674032301386e-08,12
165,0.8912,0.8933333333333333,0.8917,0.8763616333333334,0.8975555555555556,0.8286666666666667,0.8849265555555555,1000,6.361525076333065e-261,1.0,165
35,0.8917,0.8961111111111111,0.8885,0.8744374333333333,0.8937777777777778,0.7068888888888889,0.8831094444444445,1000,0.0,1.0,35
91,0.8922,0.8958888888888888,0.89,0.8815489333333333,0.8933333333333333,0.7663333333333333,0.8861694444444445,1000,0.0,1.0,91
188,0.8923,0.9015555555555556,0.8891,0.8861005999999999,0.9034444444444445,0.802,0.8938106666666668,1000,5.96415449358161e-309,1.0,188
324,0.8925,0.9021111111111111,0.8905,0.8833342111111111,0.9013333333333333,0.8365555555555556,0.891623,1000,0.0,1.0,324
419,0.8926,0.8925555555555555,0.8829,0.8793473333333334,0.8895555555555555,0.8392222222222222,0.8827236666666667,1000,0.0,1.0,419
158,0.893,0.8908888888888888,0.8883,0.8765803666666667,0.8896666666666667,0.8474444444444444,0.8823324444444445,1000,0.0,1.0,158
393,0.8931,0.8936666666666667,0.8973,0.8805441,0.8952222222222223,0.8084444444444444,0.8849951111111111,1000,4.672095016121093e-255,1.0,393
462,0.8935,0.8931111111111111,0.9071,0.8787277666666666,0.9116666666666666,0.768,0.9010948888888888,1000,1.0,8.757305301703309e-231,462
157,0.8935,0.8998888888888888,0.9006,0.8845959111111111,0.9118888888888889,0.8707777777777778,0.9043276666666665,1000,1.0,1.5297367851005292e-119,157
136,0.8939,0.9015555555555556,0.8902,0.8838908,0.895,0.8025555555555556,0.8879461111111111,1000,0.0,1.0,136
151,0.8943,0.8977777777777778,0.9064,0.8784799111111111,0.9052222222222223,0.7884444444444444,0.8925983333333334,1000,9.127756886951645e-112,1.0,151
290,0.8947,0.9018888888888889,0.8922,0.8817984666666667,0.9035555555555556,0.8352222222222222,0.893337888888889,1000,2.1176380195586126e-298,1.0,290
251,0.8948,0.9035555555555556,0.8937,0.8850523777777778,0.9001111111111111,0.8168888888888889,0.8914529999999999,1000,0.0,1.0,251
152,0.8949,0.9017777777777778,0.8977,0.8891557666666667,0.903,0.8458888888888889,0.8966797777777777,1000,4.668897060619652e-210,1.0,152
458,0.895,0.9015555555555556,0.8959,0.888447,0.9015555555555556,0.8198888888888889,0.8945128888888889,1000,7.045134174991919e-291,1.0,458
26,0.8951,0.8968888888888888,0.8584,0.8793632777777777,0.9092222222222223,0.8506666666666667,0.8977333333333334,1000,0.9999998876696895,1.1233031052330876e-07,26
470,0.8951,0.9003333333333333,0.9026,0.8801078111111111,0.9136666666666666,0.8808888888888889,0.9013602222222221,1000,0.9999999998767389,1.2326109440056047e-10,470
401,0.8952,0.8913333333333333,0.8994,0.8803377666666667,0.8995555555555556,0.8783333333333333,0.8887194444444444,1000,4.0809504570448345e-54,1.0,401
5,0.8958,0.904,0.893,0.8876897777777778,0.9031111111111111,0.8444444444444444,0.8930677777777777,1000,0.0,1.0,5
203,0.8959,0.9034444444444445,0.8952,0.8859423666666667,0.9034444444444445,0.829,0.8939692222222222,1000,0.0,1.0,203
226,0.896,0.8963333333333333,0.8897,0.8792222,0.896,0.8203333333333334,0.8844436666666666,1000,0.0,1.0,226
195,0.8963,0.9015555555555556,0.8929,0.8854221444444446,0.9004444444444445,0.843,0.8909267777777777,1000,0.0,1.0,195
43,0.897,0.8961111111111111,0.9173,0.8835285666666667,0.9172222222222223,0.8804444444444445,0.9094908888888888,1000,1.0,0.0,43
334,0.8978,0.8972222222222223,0.8963,0.8841661777777777,0.8968888888888888,0.8282222222222222,0.8894690000000001,1000,9e-323,1.0,334
110,0.8979,0.9013333333333333,0.8966,0.8859801333333333,0.899,0.8137777777777778,0.8888933333333334,1000,0.0,1.0,110
344,0.8979,0.904,0.9014,0.8850661333333334,0.9052222222222223,0.8627777777777778,0.8985558888888888,1000,9.07890430772009e-218,1.0,344
308,0.898,0.9035555555555556,0.9013,0.8870590444444444,0.9068888888888889,0.8782222222222222,0.8970507777777779,1000,5.986007361367328e-195,1.0,308
346,0.8982,0.9,0.8983,0.8801554333333333,0.9013333333333333,0.8063333333333333,0.8920004444444445,1000,3.348866929946554e-306,1.0,346
124,0.8986,0.9108888888888889,0.9019,0.8887684777777779,0.9095555555555556,0.8075555555555556,0.9011453333333334,1000,0.0,1.0,124
90,0.8988,0.9091111111111111,0.8983,0.8929499111111112,0.9098888888888889,0.8303333333333334,0.901605,1000,1.4626574324434759e-299,1.0,90
50,0.8989,0.9015555555555556,0.8973,0.8864098333333333,0.9008888888888889,0.8136666666666666,0.8900968888888889,1000,0.0,1.0,50
377,0.899,0.9022222222222223,0.8937,0.8831264999999999,0.8991111111111111,0.848,0.8891143333333333,1000,0.0,1.0,377
372,0.8991,0.9015555555555556,0.8998,0.8846175222222222,0.9081111111111111,0.8422222222222222,0.8963237777777777,1000,5.776468468669294e-178,1.0,372
166,0.8991,0.9078888888888889,0.8987,0.8940152,0.9082222222222223,0.8664444444444445,0.8999578888888888,1000,0.0,1.0,166
222,0.8991,0.8995555555555556,0.8984,0.8834766777777777,0.9001111111111111,0.7951111111111111,0.8918147777777778,1000,4.5116238875776115e-285,1.0,222
106,0.8992,0.898,0.8948,0.882645588888889,0.8973333333333333,0.8013333333333333,0.8875503333333333,1000,0.0,1.0,106
418,0.9,0.9034444444444445,0.9007,0.8853897777777778,0.9074444444444445,0.8526666666666667,0.8985007777777778,1000,2.0892302035751736e-163,1.0,418
441,0.9006,0.9038888888888889,0.9222,0.8889952444444443,0.9274444444444444,0.7647777777777778,0.9185723333333333,1000,1.0,0.0,441
162,0.9008,0.9043333333333333,0.9026,0.8864610666666667,0.9021111111111111,0.8384444444444444,0.8925006666666666,1000,0.0,1.0,162
147,0.9009,0.9018888888888889,0.8988,0.8865484,0.901,0.8213333333333334,0.8906580000000001,1000,0.0,1.0,147
27,0.9015,0.9088888888888889,0.9045,0.8920962777777779,0.9114444444444444,0.8638888888888889,0.9018081111111111,1000,3.596142689163232e-277,1.0,27
263,0.9017,0.9031111111111111,0.9017,0.8882250111111111,0.9027777777777778,0.8521111111111112,0.8931096666666667,1000,0.0,1.0,263
476,0.9018,0.9087777777777778,0.8988,0.8921956222222223,0.9062222222222223,0.853,0.8958,1000,0.0,1.0,476
422,0.9021,0.9056666666666666,0.9005,0.8898300333333332,0.9024444444444445,0.837,0.893869888888889,1000,0.0,1.0,422
414,0.9022,0.9045555555555556,0.9022,0.8884251888888888,0.9092222222222223,0.8517777777777777,0.9028184444444445,1000,2.5948747992340368e-28,1.0,414
475,0.9022,0.9097777777777778,0.8999,0.8926218111111112,0.9076666666666666,0.8697777777777778,0.898138,1000,0.0,1.0,475
246,0.9033,0.905,0.9016,0.8896760555555556,0.9028888888888889,0.8136666666666666,0.8929822222222221,1000,0.0,1.0,246
454,0.9047,0.903,0.9028,0.8874843888888888,0.9024444444444445,0.8374444444444444,0.892954888888889,1000,0.0,1.0,454
349,0.9047,0.9081111111111111,0.9036,0.8902443333333333,0.9047777777777778,0.8268888888888889,0.897545111111111,1000,0.0,1.0,349
180,0.9051,0.9071111111111111,0.9082,0.8914579888888889,0.9046666666666666,0.8143333333333334,0.8977541111111111,1000,0.0,1.0,180
227,0.9053,0.9144444444444444,0.9097,0.8964491666666665,0.9225555555555556,0.8442222222222222,0.9110218888888888,1000,1.7544566512496266e-65,1.0,227
355,0.9054,0.9068888888888889,0.9057,0.8920773444444445,0.905,0.8655555555555555,0.8985486666666667,1000,0.0,1.0,355
305,0.9057,0.9232222222222223,0.9414,0.8896816666666666,0.9476666666666667,0.8702222222222222,0.9289482222222222,1000,1.0,4.214100675708607e-47,305
384,0.9058,0.9117777777777778,0.907,0.8978038555555555,0.9133333333333333,0.8528888888888889,0.9024168888888889,1000,0.0,1.0,384
369,0.906,0.9081111111111111,0.913,0.8932826555555555,0.9251111111111111,0.8142222222222222,0.9141276666666667,1000,1.0,5.2469608192260486e-180,369
279,0.9062,0.9108888888888889,0.8939,0.8926821777777777,0.9218888888888889,0.8963333333333333,0.9108274444444444,1000,0.3577974848736304,0.6422025151263695,279
266,0.9063,0.9156666666666666,0.9092,0.8923298666666667,0.9137777777777778,0.824,0.9057837777777779,1000,0.0,1.0,266
255,0.9063,0.898,0.916,0.8825594555555556,0.9114444444444444,0.8405555555555555,0.9016714444444445,1000,1.0,2.715452520428337e-92,255
427,0.9063,0.9073333333333333,0.9075,0.8957987666666666,0.9176666666666666,0.7955555555555556,0.9067978888888889,1000,0.0013343081428016587,0.9986656918571983,427
33,0.9065,0.9051111111111111,0.893,0.8882353666666666,0.9126666666666666,0.8593333333333333,0.9026805555555556,1000,4.514202617325296e-42,1.0,33
430,0.9067,0.913,0.9065,0.9014005777777776,0.9105555555555556,0.8661111111111112,0.9054459999999999,1000,0.0,1.0,430
181,0.907,0.9081111111111111,0.9059,0.8916922,0.9094444444444445,0.8515555555555555,0.898529,1000,0.0,1.0,181
15,0.9072,0.9015555555555556,0.9029,0.8857147222222221,0.8993333333333333,0.7946666666666666,0.8905276666666666,1000,0.0,1.0,15
270,0.9073,0.918,0.9015,0.9002241444444444,0.9224444444444444,0.859,0.9125075555555555,1000,3.680943424878054e-175,1.0,270
479,0.9073,0.9038888888888889,0.9112,0.8877768111111111,0.9045555555555556,0.7695555555555555,0.895367888888889,1000,3.3356242003963644e-286,1.0,479
44,0.9084,0.9156666666666666,0.9089,0.8994073888888888,0.9126666666666666,0.8406666666666667,0.9032718888888889,1000,0.0,1.0,44
179,0.9084,0.9142222222222223,0.9173,0.8951757555555556,0.9208888888888889,0.9031111111111111,0.9120677777777778,1000,6.645957121197103e-30,1.0,179
34,0.9086,0.9153333333333333,0.91,0.8983833222222222,0.9156666666666666,0.856,0.9054115555555556,1000,0.0,1.0,34
489,0.9091,0.9078888888888889,0.907,0.8943328555555555,0.9068888888888889,0.8517777777777777,0.8981484444444445,1000,0.0,1.0,489
398,0.9092,0.9147777777777778,0.9083,0.8989946444444445,0.9155555555555556,0.8377777777777777,0.9060205555555556,1000,3.68e-321,1.0,398
467,0.9099,0.9187777777777778,0.9106,0.9038729444444445,0.9212222222222223,0.877,0.9099255555555555,1000,7.938639082460045e-302,1.0,467
339,0.9099,0.9141111111111111,0.9084,0.8945222777777779,0.9141111111111111,0.8344444444444444,0.9054807777777778,1000,1.6924200530880454e-305,1.0,339
257,0.91,0.9116666666666666,0.9092,0.8954726444444444,0.9156666666666666,0.8677777777777778,0.9048916666666666,1000,4.810348196957639e-193,1.0,257
356,0.9101,0.9143333333333333,0.9094,0.8993938222222223,0.9143333333333333,0.8792222222222222,0.9054447777777778,1000,0.0,1.0,356
483,0.9102,0.9227777777777778,0.9183,0.9006496111111112,0.926,0.8958888888888888,0.9175312222222223,1000,5.211787186787498e-134,1.0,483
250,0.9104,0.9202222222222223,0.9087,0.8998411222222221,0.9183333333333333,0.8016666666666666,0.907547,1000,0.0,1.0,250
61,0.9105,0.9136666666666666,0.9096,0.8993712555555555,0.9118888888888889,0.8561111111111112,0.9034603333333332,1000,0.0,1.0,61
4,0.9109,0.9204444444444444,0.9103,0.9002134666666667,0.9187777777777778,0.8173333333333334,0.9076723333333333,1000,0.0,1.0,4
38,0.9109,0.9073333333333333,0.9042,0.8960822333333334,0.9277777777777778,0.8541111111111112,0.915394888888889,1000,1.0,4.688445210942744e-208,38
68,0.911,0.9091111111111111,0.9123,0.8923373666666666,0.9211111111111111,0.8821111111111111,0.911800888888889,1000,1.0,6.752073525114176e-54,68
153,0.9111,0.9194444444444444,0.9104,0.9038346111111112,0.9178888888888889,0.8357777777777777,0.9086406666666665,1000,0.0,1.0,153
464,0.9114,0.9178888888888889,0.9226,0.8965636555555555,0.9336666666666666,0.8543333333333333,0.921202888888889,1000,1.0,8.079029467176159e-64,464
201,0.9115,0.912,0.9126,0.8966585222222222,0.9097777777777778,0.8378888888888889,0.8999741111111111,1000,0.0,1.0,201
424,0.9115,0.9145555555555556,0.9106,0.8986316999999999,0.9191111111111111,0.8787777777777778,0.9120280000000001,1000,7.22462381601149e-71,1.0,424
85,0.9116,0.9223333333333333,0.915,0.9036358333333333,0.9238888888888889,0.8794444444444445,0.9170683333333334,1000,5.2210048560905935e-161,1.0,85
272,0.9118,0.916,0.92,0.8985273666666665,0.923,0.8911111111111111,0.9124144444444445,1000,1.2273725418348938e-85,1.0,272
326,0.9119,0.9242222222222222,0.9116,0.9045195888888887,0.9223333333333333,0.7881111111111111,0.9119223333333333,1000,0.0,1.0,326
112,0.913,0.914,0.9121,0.898540111111111,0.9128888888888889,0.8676666666666667,0.9032668888888888,1000,0.0,1.0,112
154,0.9143,0.9137777777777778,0.9126,0.8976541888888889,0.9174444444444444,0.8216666666666667,0.90551,1000,1.3704686845694916e-274,1.0,154
78,0.9146,0.9155555555555556,0.9138,0.8975397222222222,0.9188888888888889,0.8045555555555556,0.9045230000000001,1000,0.0,1.0,78
335,0.9148,0.9145555555555556,0.9184,0.9033343111111112,0.9273333333333333,0.893,0.9173748888888889,1000,1.0,1.9742460862626074e-60,335
447,0.9149,0.917,0.9224,0.8990279333333332,0.9241111111111111,0.8671111111111112,0.9147080000000001,1000,4.2216922351315955e-51,1.0,447
156,0.9149,0.9236666666666666,0.9195,0.9087078555555556,0.9273333333333333,0.8592222222222222,0.9182458888888889,1000,1.2290468932090064e-199,1.0,156
97,0.915,0.919,0.915,0.9027124777777777,0.9196666666666666,0.8113333333333334,0.9078780000000001,1000,1.4066653803816025e-275,1.0,97
330,0.915,0.9157777777777778,0.9145,0.9010382444444444,0.9162222222222223,0.8447777777777777,0.9083115555555555,1000,1.1640242708294644e-308,1.0,330
302,0.9153,0.9136666666666666,0.9145,0.8972685777777779,0.9125555555555556,0.8693333333333333,0.9064115555555556,1000,1.0324405822898834e-257,1.0,302
280,0.9159,0.9223333333333333,0.9161,0.9070415,0.9222222222222223,0.8355555555555556,0.9132134444444443,1000,0.0,1.0,280
49,0.9162,0.923,0.9206,0.9076043444444445,0.9235555555555556,0.8733333333333333,0.9164885555555555,1000,3.918665850571924e-264,1.0,49
215,0.9163,0.9227777777777778,0.9227,0.9030894666666667,0.9331111111111111,0.8571111111111112,0.9221731111111111,1000,0.0007181167296095924,0.9992818832703905,215
319,0.9165,0.9188888888888889,0.9147,0.8991418999999999,0.918,0.8564444444444445,0.9095571111111111,1000,0.0,1.0,319
267,0.9167,0.9186666666666666,0.9163,0.9011940888888889,0.9165555555555556,0.8511111111111112,0.9073794444444445,1000,0.0,1.0,267
117,0.917,0.9186666666666666,0.9161,0.9043737888888889,0.92,0.865,0.9116477777777777,1000,4.1897476125017416e-282,1.0,117
353,0.9175,0.9201111111111111,0.9171,0.9047242555555557,0.9185555555555556,0.8074444444444444,0.9104235555555555,1000,0.0,1.0,353
31,0.9177,0.9225555555555556,0.9185,0.9047934222222223,0.9207777777777778,0.8238888888888889,0.9108021111111111,1000,0.0,1.0,31
109,0.9184,0.9297777777777778,0.9252,0.9104103111111111,0.9348888888888889,0.8841111111111111,0.9228073333333332,1000,1.4125078869806498e-179,1.0,109
45,0.9184,0.9178888888888889,0.9201,0.9015442555555555,0.9146666666666666,0.8782222222222222,0.9078565555555556,1000,0.0,1.0,45
46,0.9185,0.9195555555555556,0.9188,0.9038648666666668,0.9196666666666666,0.8146666666666667,0.9101532222222222,1000,0.0,1.0,46
143,0.9186,0.9128888888888889,0.9187,0.8955157777777777,0.9217777777777778,0.8323333333333334,0.9090742222222222,1000,1.2369268888753218e-68,1.0,143
391,0.9186,0.9126666666666666,0.9145,0.8972069222222222,0.9108888888888889,0.8447777777777777,0.9002319999999999,1000,0.0,1.0,391
67,0.9186,0.9215555555555556,0.9285,0.9027710222222222,0.9282222222222222,0.8496666666666667,0.9196282222222224,1000,8.328837287488333e-21,1.0,67
329,0.9192,0.9187777777777778,0.922,0.9056592888888888,0.9217777777777778,0.7925555555555556,0.9135421111111112,1000,2.0568394830623035e-174,1.0,329
312,0.9199,0.9271111111111111,0.9206,0.9144323333333334,0.9287777777777778,0.8386666666666667,0.9195348888888889,1000,6.1823487032187e-311,1.0,312
3,0.9201,0.9276666666666666,0.9219,0.9018209444444445,0.9305555555555556,0.8875555555555555,0.9225797777777778,1000,2.5724708751041727e-161,1.0,3
241,0.9201,0.9238888888888889,0.9179,0.9064020666666667,0.9211111111111111,0.8198888888888889,0.9134747777777777,1000,0.0,1.0,241
102,0.9214,0.919,0.9232,0.905291788888889,0.9201111111111111,0.771,0.9129970000000001,1000,6.990515476429778e-253,1.0,102
32,0.9221,0.9204444444444444,0.9188,0.9029948,0.9261111111111111,0.8876666666666667,0.9123696666666666,1000,6.128593166014641e-229,1.0,32
278,0.9226,0.939,0.9324,0.9176968555555555,0.947,0.9065555555555556,0.9352412222222222,1000,2.2975667952129933e-93,1.0,278
120,0.9227,0.9172222222222223,0.921,0.9051454,0.9167777777777778,0.8027777777777778,0.9078928888888889,1000,0.0,1.0,120
254,0.9236,0.9381111111111111,0.9287,0.9126317555555553,0.9365555555555556,0.8133333333333334,0.9282268888888889,1000,1.4609075972281066e-296,1.0,254
142,0.9245,0.9332222222222222,0.9219,0.9161097000000001,0.9322222222222222,0.8713333333333333,0.9209896666666666,1000,0.0,1.0,142
182,0.9245,0.9241111111111111,0.9223,0.9086409,0.9222222222222223,0.8551111111111112,0.9140155555555556,1000,0.0,1.0,182
127,0.9248,0.9246666666666666,0.9375,0.9043486222222222,0.9387777777777778,0.9008888888888889,0.9310625555555556,1000,1.0,1.0271926416973575e-200,127
396,0.9257,0.9301111111111111,0.9262,0.9120485,0.9324444444444444,0.8833333333333333,0.922606,1000,3.522671840258797e-276,1.0,396
332,0.9258,0.9227777777777778,0.9242,0.9076535333333333,0.9215555555555556,0.8566666666666667,0.911834,1000,0.0,1.0,332
22,0.9258,0.9311111111111111,0.9237,0.9165379777777778,0.9337777777777778,0.8807777777777778,0.9257004444444444,1000,2.00443832812027e-201,1.0,22
258,0.9264,0.9376666666666666,0.9243,0.9166550666666667,0.937,0.8571111111111112,0.923337,1000,0.0,1.0,258
468,0.9264,0.9284444444444444,0.935,0.9145574222222221,0.9414444444444444,0.886,0.9313961111111111,1000,1.0,1.0065098487252742e-59,468
494,0.9267,0.9275555555555556,0.927,0.9129539999999999,0.9306666666666666,0.8353333333333334,0.9207110000000001,1000,3.136080826605262e-238,1.0,494
409,0.9268,0.9287777777777778,0.93,0.9166182333333334,0.9288888888888889,0.8788888888888889,0.921087,1000,0.0,1.0,409
83,0.9274,0.9383333333333334,0.9291,0.9179655555555557,0.939,0.8968888888888888,0.9320451111111111,1000,1.1854474210955874e-239,1.0,83
269,0.9275,0.9272222222222222,0.9268,0.909353611111111,0.9246666666666666,0.8362222222222222,0.9160815555555555,1000,0.0,1.0,269
390,0.9281,0.9295555555555556,0.9292,0.9157578444444443,0.9303333333333333,0.775,0.9215035555555555,1000,0.0,1.0,390
421,0.9289,0.9294444444444444,0.9283,0.9162511555555557,0.9292222222222222,0.8105555555555556,0.9208473333333332,1000,4.435477816637742e-301,1.0,421
455,0.929,0.9342222222222222,0.927,0.914356488888889,0.9348888888888889,0.8375555555555556,0.9260364444444444,1000,2.5772412516676583e-284,1.0,455
264,0.929,0.9364444444444444,0.926,0.9150162777777779,0.935,0.8336666666666667,0.9240174444444444,1000,0.0,1.0,264
497,0.9291,0.9323333333333333,0.9241,0.9170120333333334,0.9411111111111111,0.9195555555555556,0.9339986666666666,1000,1.0,3.9323188643397073e-22,497
373,0.9293,0.9308888888888889,0.9273,0.9112202000000001,0.9271111111111111,0.846,0.9186371111111111,1000,0.0,1.0,373
337,0.9297,0.9283333333333333,0.9262,0.9099331222222223,0.9274444444444444,0.8555555555555555,0.9163895555555556,1000,0.0,1.0,337
11,0.9299,0.9322222222222222,0.9334,0.9140773555555556,0.9348888888888889,0.922,0.9259478888888889,1000,1.6616296075332554e-213,1.0,11
320,0.9304,0.9212222222222223,0.926,0.9062131555555556,0.9207777777777778,0.8576666666666667,0.9113255555555555,1000,0.0,1.0,320
134,0.9306,0.9403333333333334,0.9301,0.9188909333333333,0.9373333333333334,0.8635555555555555,0.9259938888888889,1000,0.0,1.0,134
354,0.9306,0.9346666666666666,0.9326,0.9193050666666666,0.9333333333333333,0.8474444444444444,0.9241367777777778,1000,0.0,1.0,354
417,0.9309,0.9314444444444444,0.9291,0.9121242444444444,0.9343333333333333,0.8622222222222222,0.9244292222222222,1000,1.341321344224488e-200,1.0,417
210,0.9314,0.9407777777777778,0.9403,0.9210326333333333,0.9445555555555556,0.8856666666666667,0.9361254444444443,1000,6.988585199335187e-125,1.0,210
450,0.9315,0.9315555555555556,0.931,0.9152152777777778,0.9306666666666666,0.895,0.9224521111111113,1000,9.6306853e-317,1.0,450
116,0.9323,0.934,0.938,0.9142497333333333,0.945,0.8276666666666667,0.9323922222222223,1000,5.917459531486463e-12,0.9999999999940825,116
363,0.9323,0.9306666666666666,0.9432,0.9173340555555555,0.9418888888888889,0.8894444444444445,0.9322558888888889,1000,1.0,1.3200053435368289e-19,363
347,0.9323,0.9406666666666667,0.9315,0.9200744333333332,0.937,0.8567777777777777,0.929597888888889,1000,0.0,1.0,347
170,0.9323,0.9331111111111111,0.9357,0.9203478,0.9378888888888889,0.8258888888888889,0.9315269999999999,1000,8.462073724189737e-32,1.0,170
392,0.9326,0.94,0.9317,0.9223322888888889,0.9432222222222222,0.861,0.9326356666666666,1000,9.766146090227708e-231,1.0,392
408,0.9329,0.9382222222222222,0.9334,0.916453588888889,0.9404444444444444,0.8598888888888889,0.9301467777777778,1000,1.6597219182783843e-300,1.0,408
150,0.9331,0.9378888888888889,0.932,0.9205716888888889,0.9381111111111111,0.8748888888888889,0.930022888888889,1000,5.916166191166859e-306,1.0,150
205,0.9335,0.9363333333333334,0.9486,0.9224757666666666,0.9585555555555556,0.8912222222222222,0.9513655555555556,1000,1.0,0.0,205
70,0.9336,0.934,0.9373,0.9191681888888888,0.9408888888888889,0.9098888888888889,0.9304418888888889,1000,3.329674444621871e-84,1.0,70
477,0.9338,0.9301111111111111,0.9321,0.9178954888888889,0.9318888888888889,0.8046666666666666,0.9226013333333333,1000,3.0097003912568124e-263,1.0,477
183,0.9338,0.938,0.932,0.9208336555555555,0.9376666666666666,0.8514444444444444,0.9275792222222221,1000,0.0,1.0,183
209,0.9339,0.9373333333333334,0.9347,0.9227392666666666,0.943,0.8951111111111111,0.9358055555555556,1000,1.4424407260431372e-24,1.0,209
449,0.9339,0.9411111111111111,0.9351,0.9242275888888889,0.9363333333333334,0.891,0.9318671111111112,1000,0.0,1.0,449
459,0.934,0.9376666666666666,0.9328,0.9214056333333333,0.9361111111111111,0.9061111111111111,0.9278132222222223,1000,0.0,1.0,459
403,0.9341,0.939,0.9392,0.9242115333333333,0.9441111111111111,0.8682222222222222,0.9384853333333333,1000,3.331595341629e-05,0.9999666840465837,403
213,0.9343,0.9325555555555556,0.9331,0.9180268333333333,0.9324444444444444,0.8934444444444445,0.925104,1000,6.318815242018059e-272,1.0,213
221,0.9346,0.9361111111111111,0.9357,0.9216813555555556,0.9436666666666667,0.9164444444444444,0.9335129999999999,1000,4.36200065019256e-60,1.0,221
37,0.9346,0.9405555555555556,0.9436,0.9180241444444444,0.9545555555555556,0.9226666666666666,0.9447012222222222,1000,1.0,1.8548602883388142e-104,37
71,0.9356,0.9474444444444444,0.9371,0.9284883555555556,0.945,0.8263333333333334,0.9366805555555556,1000,0.0,1.0,71
388,0.9361,0.9383333333333334,0.9364,0.9223937,0.9386666666666666,0.8657777777777778,0.9285461111111111,1000,0.0,1.0,388
456,0.9371,0.9385555555555556,0.939,0.9208086999999999,0.9408888888888889,0.9046666666666666,0.9348547777777778,1000,3.091012802740049e-104,1.0,456
242,0.9376,0.9402222222222222,0.938,0.9216497888888887,0.947,0.906,0.9365453333333333,1000,6.652261024293048e-85,1.0,242
94,0.938,0.9483333333333334,0.9373,0.9276905666666666,0.9476666666666667,0.8443333333333334,0.9365157777777778,1000,0.0,1.0,94
303,0.9386,0.9385555555555556,0.9379,0.9244936666666667,0.9364444444444444,0.864,0.9294786666666668,1000,0.0,1.0,303
289,0.9388,0.9375555555555556,0.9415,0.917583811111111,0.9465555555555556,0.8302222222222222,0.9362967777777778,1000,1.3055551979812406e-13,0.9999999999998694,289
236,0.9389,0.9448888888888889,0.938,0.9284889555555556,0.9448888888888889,0.8602222222222222,0.933315111111111,1000,0.0,1.0,236
295,0.9392,0.9386666666666666,0.9344,0.9225969111111112,0.9372222222222222,0.8085555555555556,0.9277179999999999,1000,0.0,1.0,295
105,0.9393,0.9491111111111111,0.9406,0.9291034333333333,0.9482222222222222,0.8548888888888889,0.9372543333333333,1000,0.0,1.0,105
163,0.9394,0.9418888888888889,0.9395,0.9254453333333333,0.9415555555555556,0.8164444444444444,0.9323914444444444,1000,0.0,1.0,163
362,0.9402,0.9422222222222222,0.9404,0.9225508222222223,0.9416666666666667,0.8557777777777777,0.930431,1000,0.0,1.0,362
193,0.9417,0.9537777777777777,0.9557,0.9283914444444444,0.9617777777777777,0.9307777777777778,0.9536658888888889,1000,0.315132101144897,0.6848678988551031,193
348,0.9421,0.9467777777777778,0.942,0.9291991555555557,0.947,0.9022222222222223,0.9415601111111112,1000,2.347976698002198e-245,1.0,348
93,0.9428,0.942,0.9424,0.9293758333333335,0.9441111111111111,0.7558888888888889,0.9344117777777777,1000,6.072018615483194e-251,1.0,93
7,0.9431,0.9464444444444444,0.9427,0.928118711111111,0.9468888888888889,0.8798888888888889,0.9349137777777778,1000,0.0,1.0,7
364,0.9434,0.9481111111111111,0.9382,0.9297479888888888,0.9473333333333334,0.8721111111111111,0.9390243333333332,1000,5e-324,1.0,364
140,0.9435,0.951,0.9476,0.9306631666666666,0.9508888888888889,0.9037777777777778,0.9428628888888888,1000,3.635062491331129e-302,1.0,140
243,0.9439,0.9462222222222222,0.9442,0.9242018222222221,0.9486666666666667,0.8972222222222223,0.9432505555555556,1000,3.056250887019156e-95,1.0,243
287,0.9439,0.9463333333333334,0.9392,0.927309811111111,0.9497777777777778,0.9105555555555556,0.9430333333333333,1000,4.0127047379476353e-85,1.0,287
444,0.9443,0.9518888888888889,0.9467,0.9319022888888888,0.952,0.8524444444444444,0.9427826666666667,1000,0.0,1.0,444
490,0.9445,0.9517777777777777,0.9438,0.9360351333333332,0.9553333333333334,0.8662222222222222,0.945242888888889,1000,1.8601148205820495e-230,1.0,490
169,0.9448,0.9513333333333334,0.9469,0.9282458555555555,0.9516666666666667,0.9123333333333333,0.9444716666666667,1000,4.545173630802786e-256,1.0,169
2,0.9448,0.9482222222222222,0.9439,0.9315259888888889,0.9474444444444444,0.8801111111111111,0.937873111111111,1000,0.0,1.0,2
457,0.9454,0.9511111111111111,0.9496,0.9317334888888888,0.9485555555555556,0.8912222222222222,0.9397948888888888,1000,0.0,1.0,457
121,0.9456,0.9438888888888889,0.9451,0.9266416888888889,0.942,0.9202222222222223,0.9362542222222222,1000,0.0,1.0,121
20,0.9458,0.9501111111111111,0.9451,0.9321907333333332,0.9488888888888889,0.8406666666666667,0.9397485555555556,1000,0.0,1.0,20
259,0.946,0.9478888888888889,0.9432,0.9291189777777777,0.9462222222222222,0.9124444444444444,0.9393050000000001,1000,0.0,1.0,259
378,0.9467,0.9554444444444444,0.9513,0.9380910666666666,0.9597777777777777,0.9374444444444444,0.9505856666666667,1000,6.49262499089089e-135,1.0,378
108,0.9467,0.9476666666666667,0.9484,0.9254507888888889,0.9501111111111111,0.8546666666666667,0.9375646666666666,1000,5.2777222309123166e-226,1.0,108
14,0.9468,0.9543333333333334,0.9466,0.9350486777777778,0.9528888888888889,0.9192222222222223,0.9458397777777777,1000,0.0,1.0,14
229,0.947,0.9551111111111111,0.9473,0.9344099999999999,0.9541111111111111,0.9164444444444444,0.9466726666666667,1000,2.633410056867563e-294,1.0,229
473,0.9475,0.9477777777777778,0.9552,0.9367272222222222,0.9667777777777777,0.9547777777777777,0.9601684444444444,1000,1.0,0.0,473
389,0.9478,0.9454444444444444,0.9472,0.9289786555555555,0.9451111111111111,0.9214444444444444,0.9348356666666666,1000,0.0,1.0,389
199,0.9478,0.9492222222222222,0.949,0.9361972555555556,0.9501111111111111,0.9224444444444444,0.944384,1000,6.823876406126154e-181,1.0,199
394,0.9481,0.9545555555555556,0.952,0.9316663000000001,0.9556666666666667,0.8907777777777778,0.9428681111111111,1000,1.1864208675735573e-263,1.0,394
309,0.9482,0.9436666666666667,0.949,0.9323898666666666,0.9467777777777778,0.9174444444444444,0.9408798888888888,1000,1.6885222267373728e-85,1.0,309
149,0.9485,0.9523333333333334,0.9493,0.9359065555555555,0.9534444444444444,0.7844444444444445,0.9433297777777777,1000,0.0,1.0,149
481,0.9487,0.9574444444444444,0.9467,0.9400982222222223,0.9566666666666667,0.8555555555555555,0.9464996666666666,1000,0.0,1.0,481
206,0.9487,0.952,0.9479,0.9344242666666667,0.9505555555555556,0.8865555555555555,0.9425537777777779,1000,0.0,1.0,206
244,0.9487,0.9575555555555556,0.9494,0.9337546111111111,0.9606666666666667,0.9192222222222223,0.9543304444444444,1000,5.05460720678141e-112,1.0,244
104,0.9489,0.9547777777777777,0.9488,0.935556288888889,0.9531111111111111,0.893,0.9433315555555556,1000,0.0,1.0,104
196,0.9492,0.9452222222222222,0.9478,0.9303369999999999,0.9453333333333334,0.8975555555555556,0.9366326666666667,1000,0.0,1.0,196
130,0.9495,0.956,0.9557,0.9322704222222222,0.9557777777777777,0.947,0.9490146666666667,1000,3.06046357868057e-175,1.0,130
231,0.9496,0.9508888888888889,0.9491,0.9368554,0.9492222222222222,0.8673333333333333,0.9421827777777778,1000,0.0,1.0,231
187,0.9498,0.9505555555555556,0.9504,0.9327449888888888,0.9505555555555556,0.877,0.9409141111111112,1000,0.0,1.0,187
338,0.9498,0.9542222222222222,0.9496,0.9345717666666667,0.9518888888888889,0.9271111111111111,0.9443602222222222,1000,0.0,1.0,338
40,0.95,0.9526666666666667,0.95,0.9350795555555557,0.9527777777777777,0.8685555555555555,0.9429098888888888,1000,0.0,1.0,40
28,0.9502,0.9482222222222222,0.9508,0.933557988888889,0.959,0.8981111111111111,0.948664111111111,1000,0.9888542461785484,0.011145753821451571,28
273,0.9505,0.9565555555555556,0.9509,0.938687477777778,0.9553333333333334,0.9424444444444444,0.9491312222222222,1000,0.0,1.0,273
304,0.9506,0.954,0.9491,0.9385015555555556,0.9544444444444444,0.915,0.9478864444444444,1000,6.319996413373961e-230,1.0,304
96,0.9517,0.9556666666666667,0.9491,0.9336079666666667,0.956,0.9361111111111111,0.9499553333333334,1000,6.676472077144893e-204,1.0,96
72,0.9517,0.962,0.9526,0.9425231,0.9655555555555555,0.9432222222222222,0.9564847777777777,1000,4.52208699721046e-150,1.0,72
440,0.9517,0.9611111111111111,0.9553,0.9401106666666667,0.9632222222222222,0.8752222222222222,0.9564816666666666,1000,1.8071209388585536e-197,1.0,440
207,0.952,0.954,0.9522,0.9391777777777778,0.9543333333333334,0.8538888888888889,0.946264,1000,0.0,1.0,207
10,0.9524,0.9504444444444444,0.9522,0.9316857,0.9502222222222222,0.9044444444444445,0.9404572222222223,1000,0.0,1.0,10
59,0.9524,0.957,0.9528,0.9404583000000001,0.9577777777777777,0.9062222222222223,0.947588,1000,0.0,1.0,59
173,0.9529,0.9558888888888889,0.9569,0.938461411111111,0.9568888888888889,0.788,0.9452526666666666,1000,0.0,1.0,173
144,0.9533,0.956,0.9527,0.937049188888889,0.9621111111111111,0.8975555555555556,0.9563351111111111,1000,0.9846511267876839,0.015348873212316093,144
36,0.9535,0.9542222222222222,0.9541,0.9359418777777777,0.9532222222222222,0.9248888888888889,0.9447206666666667,1000,0.0,1.0,36
176,0.9538,0.9548888888888889,0.9549,0.9385212444444445,0.9553333333333334,0.908,0.9473981111111112,1000,9.701031896899562e-299,1.0,176
379,0.9539,0.9495555555555556,0.9559,0.9354014777777778,0.9524444444444444,0.9122222222222223,0.9473176666666667,1000,4.556612896087097e-56,1.0,379
387,0.9543,0.9556666666666667,0.954,0.9370856666666667,0.9596666666666667,0.8733333333333333,0.945952888888889,1000,9.582271835102481e-253,1.0,387
360,0.9545,0.958,0.9579,0.9437115333333334,0.9625555555555556,0.909,0.951721,1000,7.717452551911103e-145,1.0,360
23,0.9547,0.9581111111111111,0.9546,0.9402616444444444,0.9585555555555556,0.8993333333333333,0.9510414444444444,1000,2.5e-323,1.0,23
164,0.9551,0.9543333333333334,0.951,0.9381484888888888,0.9542222222222222,0.8083333333333333,0.9437977777777778,1000,0.0,1.0,164
114,0.9555,0.9603333333333334,0.9549,0.9409166222222222,0.9595555555555556,0.9048888888888889,0.9486516666666667,1000,0.0,1.0,114
139,0.9573,0.9746666666666667,0.9782,0.9448870111111112,0.9793333333333333,0.9255555555555556,0.9694269999999999,1000,1.1344753293435136e-118,1.0,139
382,0.9573,0.9605555555555556,0.9541,0.9416612333333333,0.9611111111111111,0.948,0.9547106666666667,1000,4.669279069355198e-298,1.0,382
413,0.9581,0.9562222222222222,0.9606,0.9404093444444445,0.9565555555555556,0.9324444444444444,0.9500215555555556,1000,3.183283876578354e-247,1.0,413
204,0.9583,0.9581111111111111,0.9566,0.9405503444444444,0.9608888888888889,0.8807777777777778,0.9511056666666667,1000,1.946261548151144e-254,1.0,204
265,0.9592,0.9577777777777777,0.9575,0.9378789666666667,0.9556666666666667,0.9193333333333333,0.947412,1000,0.0,1.0,265
461,0.9594,0.9593333333333334,0.9586,0.9409059444444445,0.9571111111111111,0.9476666666666667,0.9490609999999999,1000,0.0,1.0,461
137,0.9598,0.9582222222222222,0.9608,0.9397067555555555,0.958,0.9013333333333333,0.9503714444444444,1000,5.156641779763898e-292,1.0,137
41,0.9598,0.9597777777777777,0.9597,0.9449756777777777,0.961,0.926,0.9540477777777777,1000,6.084036353471484e-231,1.0,41
491,0.9603,0.9683333333333334,0.9609,0.9494322222222223,0.9687777777777777,0.9056666666666666,0.9579849999999999,1000,2.88692102347682e-285,1.0,491
76,0.9606,0.9681111111111111,0.9608,0.9471686888888889,0.9653333333333334,0.957,0.9585337777777777,1000,0.0,1.0,76
25,0.9609,0.9662222222222222,0.9602,0.9461759111111111,0.9645555555555556,0.9172222222222223,0.9558861111111112,1000,0.0,1.0,25
325,0.9609,0.9662222222222222,0.9676,0.9495279555555557,0.9712222222222222,0.8744444444444445,0.9619698888888888,1000,7.451003686745351e-79,1.0,325
51,0.9617,0.9623333333333334,0.9604,0.9425094777777778,0.9615555555555556,0.9471111111111111,0.9542905555555555,1000,6.61010905145899e-301,1.0,51
323,0.9623,0.9653333333333334,0.9623,0.948045588888889,0.9643333333333334,0.923,0.9572276666666667,1000,0.0,1.0,323
322,0.9625,0.9624444444444444,0.9591,0.9426037444444444,0.9597777777777777,0.9185555555555556,0.9526455555555555,1000,0.0,1.0,322
420,0.9627,0.9692222222222222,0.963,0.9454504666666665,0.9672222222222222,0.9156666666666666,0.9605717777777777,1000,0.0,1.0,420
224,0.9631,0.9635555555555556,0.9654,0.9448842777777776,0.9655555555555555,0.9365555555555556,0.9572459999999999,1000,8.670849960227649e-214,1.0,224
341,0.9641,0.9707777777777777,0.966,0.9538193666666666,0.9705555555555555,0.9441111111111111,0.9625621111111111,1000,0.0,1.0,341
249,0.9651,0.966,0.9649,0.9469093777777778,0.9657777777777777,0.9357777777777778,0.9567313333333333,1000,0.0,1.0,249
86,0.9679,0.9666666666666667,0.9672,0.9488089444444444,0.9662222222222222,0.931,0.9574291111111111,1000,2.469285e-317,1.0,86
276,0.9679,0.9735555555555555,0.9667,0.9514564,0.9715555555555555,0.9287777777777778,0.9624295555555555,1000,0.0,1.0,276
252,0.9682,0.9751111111111112,0.9693,0.9501400111111112,0.972,0.9396666666666667,0.9637832222222222,1000,1.5e-323,1.0,252
492,0.9682,0.9704444444444444,0.9661,0.9479656444444445,0.9667777777777777,0.9344444444444444,0.9619458888888889,1000,0.0,1.0,492
487,0.9683,0.9726666666666667,0.972,0.9542517555555556,0.9738888888888889,0.9444444444444444,0.9679494444444444,1000,2.0330349162336826e-153,1.0,487
146,0.9686,0.9683333333333334,0.9694,0.9450247333333333,0.9666666666666667,0.9606666666666667,0.9567570000000001,1000,0.0,1.0,146
55,0.9696,0.9766666666666667,0.9711,0.9576019999999998,0.9712222222222222,0.9577777777777777,0.9675796666666666,1000,0.0,1.0,55
223,0.9703,0.9758888888888889,0.97,0.9544531666666666,0.9735555555555555,0.9548888888888889,0.9660024444444446,1000,1.544725127560996e-302,1.0,223
132,0.9703,0.978,0.9727,0.9535807444444445,0.9768888888888889,0.971,0.9686875555555555,1000,0.0,1.0,132
358,0.9703,0.9716666666666667,0.9714,0.9512665222222222,0.9723333333333334,0.9567777777777777,0.9601973333333332,1000,0.0,1.0,358
275,0.9704,0.9724444444444444,0.9714,0.9523226333333334,0.9718888888888889,0.9502222222222222,0.9640447777777778,1000,0.0,1.0,275
336,0.9708,0.9764444444444444,0.9725,0.9545412666666667,0.9737777777777777,0.9568888888888889,0.9666352222222223,1000,0.0,1.0,336
466,0.9709,0.9776666666666667,0.9723,0.9585708777777778,0.9776666666666667,0.9755555555555555,0.9723324444444444,1000,0.0,1.0,466
484,0.9716,0.9767777777777777,0.9698,0.9587047111111111,0.9747777777777777,0.9667777777777777,0.9681313333333332,1000,3.96033555e-316,1.0,484
98,0.9721,0.9748888888888889,0.9734,0.9558720111111112,0.9735555555555555,0.9611111111111111,0.964432111111111,1000,0.0,1.0,98
69,0.9722,0.9764444444444444,0.9716,0.9604648777777777,0.9734444444444444,0.9705555555555555,0.968851,1000,0.0,1.0,69
493,0.9722,0.9801111111111112,0.972,0.9583291222222222,0.976,0.9718888888888889,0.9712632222222224,1000,0.0,1.0,493
293,0.9722,0.9766666666666667,0.9717,0.9575063,0.9755555555555555,0.9544444444444444,0.9663223333333333,1000,0.0,1.0,293
331,0.9723,0.9786666666666667,0.9697,0.9568578444444443,0.9742222222222222,0.9502222222222222,0.965896,1000,0.0,1.0,331
178,0.9728,0.9777777777777777,0.9763,0.9563644111111113,0.9774444444444444,0.9516666666666667,0.9710345555555556,1000,1.6441858491232074e-259,1.0,178
469,0.9728,0.9741111111111111,0.9712,0.9532219777777776,0.9732222222222222,0.9685555555555555,0.9650954444444444,1000,6.302240561491569e-278,1.0,469
288,0.9737,0.9765555555555555,0.9701,0.9557853888888889,0.9733333333333334,0.9491111111111111,0.9665088888888888,1000,0.0,1.0,288
161,0.9741,0.9771111111111112,0.9732,0.9580368666666668,0.9737777777777777,0.9543333333333334,0.9680241111111111,1000,0.0,1.0,161
321,0.9743,0.9796666666666667,0.9732,0.9649540444444444,0.9783333333333334,0.9693333333333334,0.973238,1000,3.045205989608257e-309,1.0,321
220,0.975,0.979,0.9754,0.9567766,0.9777777777777777,0.971,0.9685066666666666,1000,4.4032563274561164e-288,1.0,220
407,0.9769,0.984,0.9794,0.9692216555555555,0.9858888888888889,0.9776666666666667,0.97978,1000,3.7112207125806524e-117,1.0,407
412,0.977,0.982,0.9777,0.9615942555555556,0.9814444444444445,0.9185555555555556,0.9726064444444444,1000,0.0,1.0,412
8,0.9775,0.9742222222222222,0.9758,0.9606568888888889,0.9758888888888889,0.9657777777777777,0.9688582222222222,1000,1.697904879905885e-182,1.0,8
219,0.9783,0.9815555555555555,0.9772,0.961193811111111,0.9808888888888889,0.9796666666666667,0.9733574444444445,1000,0.0,1.0,219
317,0.9791,0.978,0.9781,0.9509050666666667,0.9753333333333334,0.9644444444444444,0.9652806666666667,1000,2.732894995723543e-287,1.0,317
160,0.9792,0.9853333333333333,0.9735,0.9599045333333334,0.9831111111111112,0.9683333333333334,0.9680335555555556,1000,0.0,1.0,160
261,0.9797,0.9902222222222222,0.9888,0.9752305777777778,0.9881111111111112,0.9845555555555555,0.9861196666666666,1000,0.0,1.0,261
131,0.9808,0.9857777777777778,0.9795,0.9686190666666665,0.9861111111111112,0.9801111111111112,0.9817337777777777,1000,1.3140413323471993e-256,1.0,131
296,0.9809,0.9778888888888889,0.9793,0.9588739333333333,0.9722222222222222,0.9726666666666667,0.9709507777777778,1000,1.107165830909046e-304,1.0,296
65,0.9822,0.9881111111111112,0.9863,0.9758170666666667,0.9876666666666667,0.9864444444444445,0.9844232222222222,1000,1.06649763584e-313,1.0,65
386,0.9841,0.9906666666666667,0.9803,0.9715840888888888,0.9883333333333333,0.9876666666666667,0.9837732222222222,1000,9.998406e-318,1.0,386
239,0.9849,0.9893333333333333,0.9838,0.9652589888888887,0.9864444444444445,0.9871111111111112,0.9846972222222222,1000,0.0,1.0,239
385,0.9851,0.9884444444444445,0.9877,0.9660939666666667,0.9864444444444445,0.985,0.9829954444444444,1000,5.547432485092019e-261,1.0,385
478,0.9857,0.9873333333333333,0.9812,0.9668734,0.985,0.9752222222222222,0.977501888888889,1000,2.604288976266211e-271,1.0,478
79,0.9859,0.9906666666666667,0.9836,0.9709643666666666,0.9876666666666667,0.9797777777777777,0.984283,1000,0.0,1.0,79
113,0.9864,0.9905555555555555,0.986,0.9685397666666667,0.985,0.9795555555555555,0.9862565555555556,1000,3.66e-322,1.0,113
352,0.9884,0.9898888888888889,0.9853,0.9716230777777779,0.9884444444444445,0.964,0.9814293333333334,1000,0.0,1.0,352
198,0.9893,0.9938888888888889,0.9932,0.9778793555555556,0.9934444444444445,0.9918888888888889,0.9925393333333334,1000,1.4398970273521036e-226,1.0,198
294,0.9915,0.9945555555555555,0.9873,0.9795300777777779,0.9933333333333333,0.9922222222222222,0.9926693333333334,1000,6.831288980995267e-111,1.0,294
